{"metadata":{"asset_id":"f1b34f1c-17e6-4907-b4e2-4155b952a270","asset_attributes":["notebook"],"name":"analyzing us economic data and building a dashboar","asset_type":"notebook","created_at":"2020-08-11T13:16:34Z","description":"Coursera: Python for Data Science and AI","origin_country":"us","owner_id":"IBMid-550002U3DK","project_id":"bc47dcb4-98e8-4ce3-8011-bbf4190231a5","size":207,"tags":["notebook"],"usage":{"last_update_time":1597151795932,"last_updated_at":"2020-08-11T13:16:35Z"}},"entity":{"notebook":{"kernel":{"name":"python3","language":"python"},"originates_from":{"type":"blank"},"runtime":{"environment":"conda2py36-bc47dcb4-98e8-4ce3-8011-bbf4190231a5"}}},"attachments":[{"id":"f96620d3-42b4-486b-b85c-14afa25c68ba","version":2,"asset_type":"notebook","name":"attachment for notebook f1b34f1c-17e6-4907-b4e2-4155b952a270","description":"attachment for notebook f1b34f1c-17e6-4907-b4e2-4155b952a270","mime":"application/json","datasource_type":"193a97c1-4475-4a19-b90c-295c4fdc6517","object_key":"notebook/analyzing_us_economic_data_and_building_a_dashboar_cQLhapsQS.ipynb","creator_id":"IBMid-550002U3DK","create_time":1597151795932,"size":207,"is_remote":false,"is_managed":false,"is_referenced":true,"is_object_key_read_only":false,"is_user_provided_path_key":true,"transfer_complete":true,"is_partitioned":false,"complete_time_ticks":1597151795932,"user_data":{},"test_doc":0,"handle":{"bucket":"analyzinguseconomicdataandbuildin-donotdelete-pr-nv6gdbaorplomg","location":"us-geo","key":"notebook/analyzing_us_economic_data_and_building_a_dashboar_cQLhapsQS.ipynb","upload_id":"done","max_part_num":1},"usage":{"access_count":0,"last_accessor_id":"IBMid-550002U3DK","last_access_time":1597151795932}}]}
